{"training step": 278, "training loss": 0.9999992847442627, "_timestamp": 1656057384, "_runtime": 161, "_step": 3008, "validation step": 350, "validation loss": 0.9987804889678955, "epoch": 29, "mean training loss": 0.9991109371185303, "mean validation loss": 0.9943006038665771}