{"training step": 4499, "training loss": 0.006127320695668459, "_timestamp": 1655892377, "_runtime": 2486, "_step": 49999, "validation step": 4580, "validation loss": 0.0, "epoch": 499, "mean training loss": 0.011973350308835506, "mean validation loss": 0.04082349315285683, "_wandb": {"runtime": 2487}}