{"training step": 827, "training loss": 0.029465043917298317, "_timestamp": 1655303785, "_runtime": 529, "_step": 9108, "validation step": 899, "validation loss": 0.13551005721092224, "epoch": 90, "mean training loss": 0.04082166776061058, "mean validation loss": 0.08972622454166412}