{"training step": 4499, "training loss": 0.014437258243560791, "_timestamp": 1655824923, "_runtime": 2763, "_step": 49999, "validation step": 4580, "validation loss": 0.0, "epoch": 499, "mean training loss": 0.01780134253203869, "mean validation loss": 0.04801855608820915, "_wandb": {"runtime": 2764}}