{"training step": 2330, "training loss": 0.035377711057662964, "_timestamp": 1649848533, "_runtime": 1389, "_step": 25808, "validation step": 2402, "validation loss": 0.17338328063488007, "epoch": 257, "mean training loss": 0.03389967978000641, "mean validation loss": 0.0567299984395504}