{"training step": 782, "training loss": 0.200025737285614, "_timestamp": 1655819333, "_runtime": 446, "_step": 8608, "validation step": 854, "validation loss": 0.19999933242797852, "epoch": 85, "mean training loss": 0.20001140236854553, "mean validation loss": 0.19999739527702332}