{"training step": 4499, "training loss": 0.03429418057203293, "_timestamp": 1655753608, "_runtime": 3069, "_step": 49999, "validation step": 4580, "validation loss": 0.22627075016498566, "epoch": 499, "mean training loss": 0.04844092205166817, "mean validation loss": 0.16055744886398315, "_wandb": {"runtime": 3069}}