{"training step": 4499, "training loss": 0.018125634640455246, "_timestamp": 1655822022, "_runtime": 2615, "_step": 49999, "validation step": 4580, "validation loss": 0.050163090229034424, "epoch": 499, "mean training loss": 0.023912928998470306, "mean validation loss": 0.04552092403173447, "_wandb": {"runtime": 2616}}