{"training step": 1001, "training loss": 0.19975943863391876, "_timestamp": 1655818804, "_runtime": 555, "_step": 11102, "validation step": 1079, "validation loss": 0.1999787837266922, "epoch": 110, "mean training loss": 0.21545301377773285, "mean validation loss": 0.19999951124191284}