{"training step": 4499, "training loss": 0.023157071322202682, "_timestamp": 1655911878, "_runtime": 3347, "_step": 49999, "validation step": 4580, "validation loss": 0.032405149191617966, "epoch": 499, "mean training loss": 0.01517297700047493, "mean validation loss": 0.05881468579173088, "_wandb": {"runtime": 3348}}