{"training step": 197, "training loss": 0.2729105055332184, "_timestamp": 1649846799, "_runtime": 107, "_step": 2108, "validation step": 269, "validation loss": 0.3500000834465027, "epoch": 20, "mean training loss": 0.32953742146492004, "mean validation loss": 0.33775946497917175}