{"training step": 4499, "training loss": 0.009637601673603058, "_timestamp": 1655904872, "_runtime": 3194, "_step": 49999, "validation step": 4580, "validation loss": 0.05823412537574768, "epoch": 499, "mean training loss": 0.012813325971364975, "mean validation loss": 0.06861773878335953, "_wandb": {"runtime": 3194}}