{"training step": 449, "training loss": 0.11998584866523743, "_timestamp": 1656665326, "_runtime": 330, "_step": 4908, "validation step": 521, "validation loss": 0.0765613466501236, "epoch": 48, "mean training loss": 0.11035439372062683, "mean validation loss": 0.11833205819129944}