{"training step": 5399, "training loss": 0.01829211413860321, "_timestamp": 1656669076, "_runtime": 4080, "_step": 59999, "validation step": 5480, "validation loss": 0.03909143805503845, "epoch": 599, "mean training loss": 0.016181927174329758, "mean validation loss": 0.04681529849767685, "_wandb": {"runtime": 4079}}