{"training step": 206, "training loss": 0.08398453146219254, "_timestamp": 1655284923, "_runtime": 137, "_step": 2208, "validation step": 278, "validation loss": 0.06188303232192993, "epoch": 21, "mean training loss": 0.10799387842416763, "mean validation loss": 0.11258915811777115}