{"training step": 3725, "training loss": 0.017955433577299118, "_timestamp": 1655974807, "_runtime": 2294, "_step": 41308, "validation step": 3797, "validation loss": 0.0, "epoch": 412, "mean training loss": 0.020423658192157745, "mean validation loss": 0.05303352326154709}