{"training step": 4499, "training loss": 0.013629060238599777, "_timestamp": 1655975292, "_runtime": 2779, "_step": 49999, "validation step": 4580, "validation loss": 0.050988368690013885, "epoch": 499, "mean training loss": 0.01771678775548935, "mean validation loss": 0.042074307799339294, "_wandb": {"runtime": 2781}}