{"training step": 413, "training loss": 0.10788893699645996, "_timestamp": 1655305788, "_runtime": 220, "_step": 4508, "validation step": 485, "validation loss": 0.14048223197460175, "epoch": 44, "mean training loss": 0.07529126107692719, "mean validation loss": 0.09075531363487244}