{"training step": 4499, "training loss": 0.003131494391709566, "_timestamp": 1655895311, "_runtime": 2777, "_step": 49999, "validation step": 4580, "validation loss": 0.21470768749713898, "epoch": 499, "mean training loss": 0.01098178792744875, "mean validation loss": 0.047178346663713455, "_wandb": {"runtime": 2778}}