{"training step": 971, "training loss": 0.03510003536939621, "_timestamp": 1655285688, "_runtime": 653, "_step": 10791, "validation step": 1045, "validation loss": 0.2304745316505432, "epoch": 106, "mean training loss": 0.03355416655540466, "mean validation loss": 0.09096404910087585}