{"training step": 4499, "training loss": 0.0925728976726532, "_timestamp": 1655746888, "_runtime": 2982, "_step": 49999, "validation step": 4580, "validation loss": 0.0, "epoch": 499, "mean training loss": 0.10236566513776779, "mean validation loss": 0.29588383436203003, "_wandb": {"runtime": 2983}}