{"training step": 3613, "training loss": 0.015592305921018124, "_timestamp": 1655743823, "_runtime": 2219, "_step": 40104, "validation step": 3689, "validation loss": 0.0, "epoch": 400, "mean training loss": 0.017408212646842003, "mean validation loss": 0.0408644899725914}